iteration,global_iteration,mean_reward,win_rate,num_episodes_lifetime,iter_seconds,eval_win_rate,eval_draw_rate,eval_vs_random_win
1,1,-0.00014423076923077843,0.5151143790849673,130,245.5578,,,
2,2,-0.10302884615384615,0.5151143790849673,261,244.7519,,,
3,3,0.2703365384615385,0.4283560463659148,392,247.398,,,
4,4,0.12475961538461536,0.6038602941176471,531,275.5569,,,
5,5,-0.041634615384615374,0.5659915720674235,666,235.0405,,,
6,6,0.17014423076923077,0.4881347824217407,795,233.8649,,,
7,7,0.17634615384615385,0.5516575540472599,925,246.2952,,,
8,8,0.048557692307692316,0.5771295579635363,1060,257.9019,,,
9,9,-0.06894230769230769,0.5124080882352942,1187,254.5311,,,
10,10,0.1314903846153846,0.5128428454715219,1319,245.8361,0.6,0.0,0.9
11,11,0.10129807692307688,0.5564031862745098,1452,240.3666,,,
12,12,0.09600961538461536,0.5584456699346405,1594,238.3331,,,
13,13,0.42624999999999996,0.5221098856209151,1729,246.2338,,,
14,14,0.22288461538461535,0.640092879256966,1869,281.6087,,,
15,15,0.026201923076923067,0.5903154024767802,2010,255.733,,,
16,16,0.1833173076923077,0.5191219470244238,2147,238.0914,,,
17,17,0.10923076923076924,0.5746420278637772,2282,251.7145,,,
18,18,-0.06634615384615386,0.5585042569659443,2419,242.7431,,,
19,19,0.022884615384615385,0.5054753151260505,2564,238.8004,,,
20,20,0.03533653846153846,0.5486072020514745,2704,234.2847,0.7,0.0,0.85
21,21,0.36985576923076924,0.5591965514275886,2841,238.783,,,
22,22,0.21879807692307696,0.6190875472996216,2982,237.7601,,,
23,23,0.2326923076923077,0.6286549707602339,3112,236.2858,,,
24,24,0.25043269230769233,0.6226102941176471,3261,232.5268,,,
25,25,-0.000865384615384629,0.6280422256621947,3398,236.9823,,,
26,26,-0.016923076923076916,0.5148182189542484,3540,313.0508,,,
27,27,0.2375,0.5413952313381493,3683,293.5356,,,
28,28,0.1183173076923077,0.6148090815273478,3830,234.8472,,,
29,29,0.12096153846153847,0.5610432330827068,3980,232.8417,,,
30,30,0.16985576923076923,0.5207854962160303,4129,231.4976,0.6,0.0,0.95
31,31,0.16293269230769228,0.5789108187134503,4287,235.86,,,
32,32,0.13629807692307694,0.5924187733827322,4441,232.3441,,,
33,33,0.1610096153846154,0.589391447368421,4594,234.5585,,,
34,34,0.26004807692307697,0.6028335104064508,4744,236.2742,,,
35,35,0.29817307692307693,0.6156936458794044,4893,231.6615,,,
36,36,0.07033653846153848,0.630521546736717,5052,235.5469,,,
37,37,0.15355769230769234,0.5725166897422584,5211,234.85,,,
38,38,0.1578846153846154,0.5941588597161352,5369,237.8376,,,
39,39,0.09024038461538463,0.5885007471888277,5532,237.5846,,,
40,40,0.23653846153846153,0.566745297037059,5685,234.8477,0.6,0.0,0.85
41,41,0.2465865384615385,0.6247607376283848,5849,234.6178,,,
42,42,0.13557692307692307,0.6090638528138528,6014,234.3406,,,
43,43,0.15956730769230767,0.5651973106349537,6171,234.7546,,,
44,44,0.2394230769230769,0.5553866283355448,6332,235.6253,,,
45,45,0.14586538461538462,0.6006427258858609,6497,236.5898,,,
46,46,0.304375,0.6013471177944862,6665,236.069,,,
47,47,0.03605769230769234,0.603247503494845,6833,234.501,,,
48,48,0.25187499999999996,0.5728813758705064,7001,234.4344,,,
49,49,-0.05432692307692309,0.6280783934473866,7165,234.1445,,,
50,50,0.028173076923076933,0.5281114718614719,7332,235.2068,0.6,0.0,1.0
51,51,0.11091346153846154,0.5106656628395758,7508,236.3676,,,
52,52,0.19076923076923077,0.5306539776648472,7667,235.6094,,,
53,53,-0.06437499999999999,0.5753389154704944,7831,234.6844,,,
54,54,0.11375000000000002,0.508531704755961,8003,233.49,,,
55,55,0.0008173076923076797,0.5353896103896104,8162,234.5946,,,
56,56,0.026201923076923067,0.5373216716129625,8326,233.3073,,,
57,57,-0.015480769230769215,0.5112496678513303,8494,233.4483,,,
58,58,0.005625000000000036,0.5036661255411256,8662,233.5851,,,
59,59,0.25427884615384616,0.4612758221310853,8832,232.7152,,,
60,60,-0.035865384615384605,0.5710633116883117,8999,234.3656,0.5,0.0,0.95
61,61,0.008750000000000008,0.5158991228070176,9166,232.9475,,,
62,62,0.013990384615384578,0.46495310245310245,9330,232.7678,,,
63,63,0.018798076923076917,0.5144722019242479,9499,233.5324,,,
64,64,-0.1581730769230769,0.49499427917620137,9663,233.6201,,,
65,65,-0.02004807692307694,0.45123282514586865,9829,233.4364,,,
66,66,-0.00923076923076923,0.50656328320802,10000,233.8072,,,
67,67,-0.09461538461538462,0.5006196836788942,10157,230.9579,,,
68,68,-0.15812499999999996,0.45523372826004405,10314,231.7866,,,
69,69,0.07658653846153846,0.4177935368724843,10485,233.5768,,,
70,70,-0.058653846153846154,0.4949392712550607,10653,234.7431,0.6,0.0,0.85
71,71,-0.15528846153846154,0.4564674408352898,10817,233.5244,,,
72,72,-0.23874999999999996,0.4424308960807816,10974,231.1666,,,
73,73,0.041105769230769244,0.4575030769883711,11135,232.4977,,,
74,74,-0.014038461538461541,0.5077380952380952,11307,234.8123,,,
75,75,0.0022596153846154016,0.4959525171624714,11473,233.5939,,,
76,76,0.15764423076923073,0.47705627705627707,11642,233.9481,,,
77,77,-0.05865384615384616,0.5134022061081558,11813,233.3649,,,
78,78,0.044471153846153834,0.46725588881624347,11977,233.0056,,,
79,79,0.004182692307692314,0.4943338459785828,12140,233.825,,,
80,80,0.04158653846153845,0.45502107541581227,12314,233.4481,0.7,0.0,0.9
81,81,0.016874999999999994,0.5746496924128502,12471,234.0935,,,
82,82,-0.014278846153846156,0.5357142857142857,12639,232.4955,,,
83,83,0.061009615384615384,0.5610479797979798,12808,233.5547,,,
84,84,0.15716346153846153,0.5303020955278999,12979,234.6904,,,
85,85,0.05620192307692304,0.5424605857529199,13144,233.4475,,,
86,86,0.16528846153846155,0.5661504613807246,13306,234.4464,,,
87,87,-0.05240384615384615,0.5412719772917142,13467,233.7725,,,
88,88,-0.1814423076923077,0.5029828917212819,13625,240.9478,,,
89,89,-0.10995192307692309,0.46753958760537706,13795,234.8741,,,
90,90,0.08451923076923076,0.5100271058079983,13968,233.5169,0.7,0.0,1.0
91,91,0.03129807692307693,0.5083113539778299,14138,235.063,,,
92,92,0.12096153846153847,0.5357257033248082,14309,233.7165,,,
93,93,0.07874999999999997,0.5163262033542354,14472,235.1473,,,
94,94,-0.21403846153846157,0.4883591348265261,14642,232.7693,,,
95,95,-0.041875000000000044,0.4293358664282577,14804,231.3513,,,
96,96,-0.03322115384615386,0.4558820470147701,14968,233.6296,,,
97,97,0.06437499999999999,0.4980174621335949,15138,234.7313,,,
98,98,0.014230769230769252,0.494627564464521,15310,232.9802,,,
99,99,0.16221153846153843,0.5296119188782232,15477,232.5679,,,
100,100,-0.09389423076923076,0.5214285714285715,15644,232.7891,0.55,0.0,0.9
101,101,0.059326923076923055,0.4671878560036455,15811,233.8056,,,
102,102,-0.06899038461538456,0.5068133525513389,15975,236.0927,,,
103,103,-0.016442307692307694,0.39969922335482977,16142,242.5448,,,
104,104,0.007548076923076942,0.4948306176537601,16315,233.5489,,,
105,105,0.060769230769230756,0.546878390684337,16477,233.7838,,,
106,106,-0.08096153846153847,0.4972838263313092,16651,233.2816,,,
107,107,0.10442307692307692,0.5271709102301207,16815,233.988,,,
108,108,0.09413461538461539,0.5491811916154021,16981,233.5055,,,
109,109,-0.026298076923076917,0.539448051948052,17146,233.65,,,
110,110,-0.04711538461538463,0.5038487554112554,17308,233.3161,0.5,0.0,1.0
111,111,-0.07855769230769233,0.4909828920126403,17475,233.3558,,,
112,112,-0.07663461538461538,0.46426008202323993,17643,234.4983,,,
113,113,0.1389423076923077,0.4600402661064426,17802,234.5249,,,
114,114,0.08596153846153845,0.5516143578643579,17970,234.8989,,,
115,115,0.10442307692307692,0.5552528966131907,18131,234.3238,,,
116,116,0.06605769230769233,0.5499632269175613,18298,233.8362,,,
117,117,0.0696153846153846,0.5429880902850011,18472,233.2727,,,
118,118,0.0058653846153846265,0.5347196115288221,18635,232.1394,,,
119,119,0.11759615384615384,0.5167022670312145,18798,232.8218,,,
120,120,0.034855769230769225,0.5738267770876466,18968,234.9109,0.4,0.0,0.95
121,121,0.004423076923076936,0.5054936006022962,19134,233.2489,,,
122,122,0.001057692307692296,0.4640578719526088,19298,232.9568,,,
123,123,0.017355769230769237,0.4512566983315065,19455,231.8555,,,
124,124,0.08903846153846154,0.47568340833143463,19622,233.4848,,,
125,125,0.0003365384615384541,0.5302737244956924,19789,233.5909,,,
126,126,0.032740384615384616,0.45370803624480094,19963,233.836,,,
127,127,-0.02197115384615385,0.5062401185770751,20137,233.0712,,,
128,128,0.05552884615384615,0.5054583098061359,20308,233.4746,,,
129,129,-0.07278846153846152,0.46971287604910905,20473,233.5777,,,
130,130,-0.061298076923076934,0.4653277214776071,20641,234.0177,0.4,0.0,0.95
131,131,0.032019230769230786,0.42897588522588526,20815,233.8355,,,
132,132,-0.054567307692307686,0.5134318730786123,20984,232.9205,,,
133,133,-0.10302884615384614,0.46651785714285715,21155,233.4409,,,
134,134,-0.12004807692307695,0.46799100022784235,21324,241.3668,,,
135,135,0.1696153846153846,0.46410714285714283,21499,233.0111,,,
136,136,0.023365384615384625,0.5578500227842333,21670,233.9858,,,
137,137,0.058124999999999975,0.4827239974937343,21840,234.8583,,,
138,138,-0.1243269230769231,0.4916666666666667,22008,234.2594,,,
139,139,0.1866826923076923,0.5223692052925463,22185,234.5499,,,
140,140,0.24802884615384613,0.564498573508871,22350,234.3959,0.65,0.0,0.95
141,141,0.29,0.5996610845295056,22525,235.121,,,
142,142,0.021682692307692306,0.5984225014116318,22692,236.8735,,,
143,143,-0.07182692307692307,0.47439764183185235,22865,235.6075,,,
144,144,-0.09725961538461536,0.46520479187098185,23031,234.9114,,,
145,145,-0.05192307692307691,0.484375,23190,234.9487,,,
146,146,-0.09413461538461539,0.5198142135642135,23360,237.2396,,,
147,147,0.06725961538461539,0.44124543696197016,23522,236.841,,,
148,148,-0.22721153846153844,0.5070312850540675,23689,236.0537,,,
149,149,0.08403846153846153,0.4438646331738437,23860,236.7091,,,
150,150,-0.034230769230769204,0.5256141217668677,24026,236.196,0.3,0.0,0.9
151,151,0.0895673076923077,0.4999027955263653,24193,236.1942,,,
152,152,0.22072115384615382,0.5037408863066758,24361,236.0461,,,
153,153,-0.08716346153846154,0.5580465491792723,24527,236.9923,,,
154,154,0.07634615384615387,0.4762659489633174,24699,236.9078,,,
155,155,0.046634615384615385,0.5263371496924129,24867,235.7799,,,
156,156,-0.0703846153846154,0.5256183938106135,25039,239.0513,,,
157,157,0.175625,0.5252317428947864,25206,238.5952,,,
158,158,-0.018365384615384624,0.550144034886682,25380,239.2724,,,
159,159,-0.07543269230769233,0.5252131749829119,25554,238.024,,,
160,160,-0.05461538461538462,0.4859282903404757,25722,239.704,0.45,0.0,0.95
161,161,-0.07399038461538462,0.4684214241136438,25879,239.5507,,,
162,162,-0.11980769230769231,0.5090355121314873,26044,239.8532,,,
163,163,0.02769230769230768,0.4543902369560264,26218,239.1289,,,
164,164,0.05572115384615385,0.5077522115565594,26383,239.7796,,,
165,165,0.01158653846153846,0.5800343662185767,26549,239.1505,,,
166,166,0.02360576923076923,0.5246326042378674,26716,241.1028,,,
167,167,-0.11884615384615384,0.5489718614718615,26882,238.9029,,,
168,168,0.01735576923076923,0.4434038612671336,27051,239.9236,,,
169,169,0.14254807692307694,0.5396253417634997,27215,238.6117,,,
170,170,-0.181875,0.5607840624287993,27396,238.9799,0.65,0.0,0.9
171,171,0.22499999999999998,0.4807255411445915,27568,239.814,,,
172,172,0.09985576923076922,0.5624350649350649,27739,240.2574,,,
173,173,0.286875,0.5523019195716564,27914,239.1366,,,
174,174,0.017836538461538466,0.5999135375494071,28089,238.8392,,,
175,175,0.16317307692307692,0.4901991577263316,28266,240.1827,,,
176,176,-0.0030288461538461597,0.5656855825334086,28434,244.1878,,,
177,177,0.023125,0.5061899437328499,28613,247.9752,,,
178,178,0.023124999999999993,0.5513150452488688,28786,247.5385,,,
179,179,-0.0015865384615384726,0.569902461192507,28956,249.3351,,,
180,180,0.10153846153846156,0.5379494437675216,29128,247.7748,0.65,0.0,1.0
181,181,0.11374999999999999,0.5503963713631906,29302,248.5976,,,
182,182,0.31326923076923074,0.5615920462387853,29467,251.671,,,
183,183,0.15499999999999997,0.5810737936739081,29639,251.2133,,,
184,184,-0.11668269230769229,0.5479860718991154,29807,251.9375,,,
185,185,0.07201923076923078,0.4454197994987469,29984,252.6602,,,
186,186,0.03197115384615386,0.5448557782796913,30156,254.4513,,,
187,187,0.1139903846153846,0.5358789760963674,30317,252.8364,,,
188,188,0.09769230769230768,0.5592418546365915,30490,247.8039,,,
189,189,0.2353365384615384,0.5727002164502165,30660,244.4867,,,
190,190,0.14254807692307692,0.6041059457379789,30833,245.1418,0.35,0.0,0.95
191,191,0.020961538461538448,0.5400701605793139,31004,244.3649,,,
192,192,-0.01836538461538459,0.5447802745500114,31173,244.7213,,,
193,193,0.10298076923076922,0.5423442499529456,31358,243.1972,,,
194,194,0.18427884615384613,0.5892124180167658,31530,244.0754,,,
195,195,0.25403846153846155,0.6100284679089027,31706,244.2833,,,
196,196,0.11711538461538464,0.6433875882889041,31884,244.5182,,,
197,197,0.12552884615384613,0.545395413764979,32065,243.6906,,,
198,198,0.26293269230769234,0.5732945134575569,32256,245.8259,,,
199,199,0.12144230769230774,0.596100357975358,32441,243.1208,,,
200,200,0.255,0.5509174068684939,32628,244.7479,0.6,0.0,0.95
201,201,0.28711538461538466,0.5919412813434553,32803,243.4531,,,
202,202,0.13437500000000002,0.6001330613830613,32986,243.6436,,,
203,203,0.16913461538461538,0.5674629446640316,33174,246.338,,,
204,204,0.35831730769230774,0.605010172417209,33366,247.3262,,,
205,205,0.3439423076923077,0.6285249071268562,33545,247.7651,,,
206,206,0.057884615384615375,0.6245003607503608,33733,247.3585,,,
207,207,0.14947115384615384,0.5493825065835936,33923,251.0073,,,
208,208,-0.04283653846153846,0.6205857910205737,34102,250.5545,,,
209,209,0.01735576923076923,0.4822369659326181,34283,254.1689,,,
210,210,0.1377403846153846,0.5167770876466529,34453,253.5817,0.45,0.0,1.0
211,211,0.01206730769230769,0.5819475194904257,34638,254.5997,,,
212,212,0.20629807692307692,0.5337495837495838,34820,251.9778,,,
213,213,0.16125,0.589855452518496,35009,255.5394,,,
214,214,0.07562499999999998,0.5588858695652174,35189,252.1413,,,
215,215,0.23509615384615387,0.537984660267269,35383,253.2063,,,
216,216,0.07995192307692309,0.6321941192865106,35579,258.1441,,,
217,217,0.17057692307692307,0.5873441142191143,35763,255.1103,,,
218,218,0.20870192307692306,0.575292325428195,35945,254.6476,,,
219,219,0.2967307692307692,0.5640545905277026,36141,257.7293,,,
220,220,0.17778846153846156,0.631807911291607,36323,249.5143,0.5,0.0,1.0
221,221,0.31134615384615383,0.5483940520768325,36507,248.1423,,,
222,222,0.13870192307692308,0.6151678032112815,36698,250.4841,,,
223,223,0.19,0.5776301054018446,36889,246.698,,,
224,224,0.04375000000000001,0.6545887445887446,37072,248.9554,,,
225,225,0.21302884615384615,0.5637860629708455,37272,253.0628,,,
226,226,0.17298076923076924,0.5742378917378917,37455,252.773,,,
227,227,0.22403846153846152,0.6250058817993601,37634,266.9723,,,
228,228,0.26913461538461536,0.6547336721249765,37838,265.3147,,,
229,229,0.15331730769230767,0.6233628076834599,38037,260.7708,,,
230,230,0.12192307692307691,0.6107468022173905,38240,258.3715,0.55,0.0,0.95
231,231,0.11807692307692311,0.5255358431895164,38439,259.0377,,,
232,232,-0.12985576923076925,0.5953991258339084,38634,249.0014,,,
233,233,0.10201923076923076,0.49848453177257523,38831,248.7162,,,
234,234,0.038701923076923064,0.5611675824175824,39026,247.988,,,
235,235,-0.06153846153846156,0.5152408008658008,39221,249.1275,,,
236,236,0.22120192307692305,0.5308242753623189,39405,247.5318,,,
237,237,0.19649038461538457,0.6164664270914271,39597,248.3257,,,
238,238,-0.06774038461538462,0.5731962481962483,39805,250.0941,,,
239,239,0.223125,0.5559355921855922,39997,254.3235,,,
240,240,0.14634615384615385,0.5727106227106227,40191,250.3356,0.7,0.0,1.0
241,241,0.23461538461538461,0.5599223602484472,40382,251.0041,,,
242,242,0.08259615384615382,0.5669289044289044,40581,259.3539,,,
243,243,0.15692307692307694,0.5516350299361918,40789,254.7645,,,
244,244,0.163125,0.5689210860978102,40983,253.4745,,,
245,245,0.23293269230769226,0.5667713807931198,41179,252.2046,,,
246,246,0.014230769230769234,0.6733006627028366,41375,249.8148,,,
247,247,0.2516346153846154,0.5466940396559963,41572,251.604,,,
248,248,0.12451923076923073,0.6310696248196248,41767,253.5668,,,
249,249,0.20346153846153844,0.5871773968784839,41974,250.186,,,
250,250,0.3789423076923077,0.591176872644264,42175,262.2179,0.45,0.0,1.0
251,251,0.39144230769230764,0.6601329417708728,42375,265.6877,,,
252,252,0.16312500000000002,0.6491021398086616,42571,266.1945,,,
253,253,0.2598076923076923,0.5332850020350021,42780,256.3698,,,
254,254,0.17182692307692302,0.5667195767195767,42976,261.2591,,,
255,255,0.19384615384615386,0.5963400046008742,43175,266.6728,,,
256,256,0.16913461538461538,0.608806747801313,43376,377.4814,,,
257,257,0.25067307692307694,0.5961140308966396,43576,273.6114,,,
258,258,0.17995192307692306,0.5960710297053214,43778,254.8417,,,
259,259,0.12480769230769233,0.5724939613526571,43977,251.8019,,,
260,260,0.26004807692307685,0.5881127564963772,44180,255.2964,0.6,0.0,1.0
261,261,0.17033653846153846,0.5714250763604212,44371,255.6253,,,
262,262,0.1950480769230769,0.5562249163879599,44576,255.3515,,,
263,263,0.17057692307692307,0.5625767244582838,44769,256.5435,,,
264,264,0.15596153846153848,0.5921443321171582,44974,258.075,,,
265,265,-0.014278846153846163,0.5656487204924705,45173,259.3199,,,
266,266,0.28975961538461537,0.5775596897064288,45376,262.532,,,
267,267,0.07490384615384615,0.6290903540903541,45577,269.5788,,,
268,268,0.0751442307692308,0.5694942577551273,45771,293.7456,,,
269,269,0.1065384615384615,0.5963629548861933,45989,255.5834,,,
270,270,0.3365384615384615,0.5796605268794175,46190,258.6479,0.6,0.0,0.95
271,271,0.15091346153846152,0.6294284910214445,46384,266.189,,,
272,272,0.28711538461538466,0.5673671165790731,46591,257.7371,,,
273,273,0.11543269230769228,0.6583997252747253,46807,255.1772,,,
274,274,0.4060576923076924,0.5752716727716728,47016,261.469,,,
275,275,0.2326923076923077,0.6383368171683389,47224,281.982,,,
276,276,0.07586538461538461,0.5631822143499775,47428,288.0659,,,
277,277,0.24754807692307693,0.5503599962839094,47632,279.4506,,,
278,278,0.20798076923076922,0.5780360133866445,47844,263.1904,,,
279,279,0.3724519230769231,0.6290270147224735,48072,263.7947,,,
280,280,0.269375,0.6751301319648093,48279,277.4007,0.5,0.0,1.0
281,281,0.2904807692307692,0.6375672877846791,48481,301.7437,,,
282,282,0.20581730769230766,0.6115311841942277,48689,309.2219,,,
283,283,0.19288461538461538,0.6282888308731637,48896,333.0242,,,
284,284,0.2111057692307692,0.6129324226775501,49111,346.0787,,,
285,285,0.0185576923076923,0.5770088243030401,49336,274.7342,,,
286,286,0.33774038461538464,0.5369266151774343,49546,403.9224,,,
287,287,0.2921634615384615,0.6288115588115588,49763,269.7415,,,
288,288,0.21687499999999998,0.6518797015564257,49988,262.4823,,,
289,289,0.06793269230769228,0.5990826702033598,50208,281.6361,,,
290,290,0.15259615384615388,0.5549190798078452,50416,580.4428,0.6,0.0,1.0
291,291,0.26697115384615383,0.5813870747706955,50655,266.2452,,,
292,292,0.09432692307692309,0.6437242190396737,50878,257.8571,,,
293,293,0.13749999999999998,0.567736098312607,51100,256.6767,,,
294,294,0.1046153846153846,0.5948634618893239,51306,249.9075,,,
295,295,0.32548076923076924,0.5691611665168637,51518,248.1435,,,
296,296,0.28591346153846153,0.6379059089197769,51746,249.9608,,,
297,297,0.29528846153846156,0.6356039175543486,51970,253.4296,,,
298,298,0.13341346153846154,0.6080152244863035,52197,255.7078,,,
299,299,0.151875,0.6014730061605061,52431,256.5736,,,
300,300,0.1799519230769231,0.6062820009870553,52648,249.8083,0.5,0.0,1.0
301,301,0.24971153846153848,0.5696149118092053,52884,252.2469,,,
302,302,0.31350961538461536,0.6399827503275779,53118,249.8683,,,
303,303,0.16817307692307693,0.5971043465968382,53355,249.7949,,,
304,304,0.3089423076923077,0.5942654816846626,53582,250.5468,,,
305,305,0.2533173076923077,0.6431343548692687,53813,252.4236,,,
306,306,0.258125,0.6374480265105266,54040,250.5622,,,
307,307,0.07995192307692306,0.6145682558182558,54261,248.9123,,,
308,308,0.1972115384615385,0.5245114721824955,54494,248.7875,,,
309,309,0.1758653846153846,0.5777871736045749,54737,263.799,,,
310,310,0.1950480769230769,0.564431909531939,54968,252.5625,0.6,0.0,1.0
311,311,0.08139423076923076,0.5692701425729443,55201,250.0037,,,
312,312,0.15259615384615383,0.5539652522886549,55420,249.0937,,,
313,313,0.2219230769230769,0.5908355507266209,55646,249.283,,,
314,314,0.18639423076923078,0.5945772939724553,55884,249.8351,,,
315,315,0.14447115384615386,0.5983134293143781,56120,250.0802,,,
316,316,0.17177884615384614,0.5714288579190553,56350,250.1916,,,
317,317,0.2513942307692308,0.5526339252145704,56591,251.7193,,,
318,318,0.15812500000000002,0.6061232452917659,56839,253.369,,,
319,319,0.18831730769230767,0.5820565280804469,57082,250.0199,,,
320,320,0.22649038461538462,0.5941532717864058,57324,250.2657,0.65,0.0,1.0
321,321,0.05427884615384614,0.5635257809367216,57570,249.1569,,,
322,322,0.12072115384615383,0.581640955428671,57799,250.4684,,,
323,323,0.31567307692307695,0.5729084564860427,58048,252.6159,,,
324,324,0.09528846153846154,0.6498573935900132,58287,253.5231,,,
325,325,0.2322115384615384,0.5577831647892132,58536,251.3134,,,
326,326,0.1737019230769231,0.5710434859680549,58771,255.9225,,,
327,327,0.22980769230769232,0.5677260568107425,59025,264.6398,,,
328,328,0.11374999999999999,0.640183188514598,59271,255.8491,,,
329,329,0.22841346153846154,0.6092767175134737,59515,254.9885,,,
330,330,0.29817307692307693,0.5653784350035393,59756,255.7453,0.5,0.0,1.0
331,331,0.32764423076923077,0.6323449356484429,59997,255.6391,,,
332,332,0.12168269230769231,0.6381596043720626,60239,263.6567,,,
333,333,0.25980769230769224,0.5552277898513299,60492,267.8191,,,
334,334,0.23557692307692307,0.6017250343188477,60727,266.3732,,,
335,335,0.31110576923076927,0.5852333059660646,60974,258.391,,,
336,336,0.24874999999999997,0.582707584161569,61212,255.1021,,,
337,337,0.14254807692307692,0.6097456834494106,61442,255.088,,,
338,338,0.15884615384615386,0.6036866868763421,61684,253.7766,,,
339,339,0.2775480769230769,0.5796709827464486,61923,254.5462,,,
340,340,0.2444711538461538,0.6127220226010549,62157,254.692,0.65,0.0,1.0
341,341,0.321875,0.6411823124142368,62398,253.9277,,,
342,342,0.002019230769230773,0.6332203733766234,62639,255.9929,,,
343,343,0.13221153846153844,0.5400027295017893,62891,270.354,,,
344,344,0.1725,0.5942729462474645,63143,268.8603,,,
345,345,0.3029807692307692,0.5942802083471557,63398,265.742,,,
346,346,0.2089423076923077,0.6235240712674359,63653,259.4334,,,
347,347,0.3866346153846153,0.6184119719490925,63915,266.5397,,,
348,348,0.13317307692307692,0.6585569535640694,64169,266.9429,,,
349,349,0.3130288461538462,0.6129555684519737,64419,262.5687,,,
350,350,0.06341346153846152,0.6467758902086975,64681,383.1882,0.65,0.0,1.0
351,351,0.23245192307692308,0.6261854277230839,64913,354.1156,,,
352,352,0.34850961538461533,0.5945365598450775,65175,471.904,,,
353,353,0.2729807692307692,0.618866318955812,65435,499.4731,,,
354,354,0.1554807692307692,0.6044293855963685,65671,352.8575,,,
355,355,-0.023173076923076928,0.5704939182305339,65921,335.021,,,
356,356,0.18115384615384617,0.5606157790963826,66161,289.8017,,,
357,357,0.12860576923076922,0.6377433959694989,66409,302.9069,,,
358,358,0.09769230769230768,0.6091326846123842,66671,397.5827,,,
359,359,0.28043269230769224,0.5798722669052958,66929,250.7604,,,
360,360,0.20418269230769234,0.6419471573453428,67181,239.5647,0.65,0.0,1.0
361,361,0.07682692307692307,0.6037802419354839,67433,242.5444,,,
362,362,0.2521153846153846,0.5970413457812651,67695,239.7434,,,
363,363,0.21471153846153845,0.595664176720845,67956,238.6837,,,
364,364,0.07730769230769227,0.5873863491730604,68198,237.3751,,,
365,365,0.1125480769230769,0.5636374521072798,68449,238.2979,,,
366,366,-0.10735576923076924,0.5593444119706961,68690,238.3253,,,
367,367,0.23149038461538457,0.5324266108000486,68925,236.2163,,,
368,368,0.2219230769230769,0.5860499627880051,69165,237.0849,,,
369,369,0.21182692307692308,0.5570065171662535,69413,236.0864,,,
370,370,0.2247596153846154,0.5863408012497279,69667,239.374,0.45,0.0,1.0
371,371,0.1722596153846154,0.6192783982532498,69915,235.6679,,,
372,372,0.1022596153846154,0.5594265966148768,70155,236.71,,,
373,373,0.31807692307692303,0.5578578205475739,70402,236.3113,,,
374,374,-0.01596153846153847,0.6081307972941038,70642,237.4079,,,
375,375,0.15307692307692305,0.5289264215141006,70903,238.5804,,,
376,376,0.17634615384615387,0.6040749755319763,71152,235.7637,,,
377,377,0.23822115384615383,0.5983880164375854,71415,237.6204,,,
378,378,0.11951923076923077,0.6237993183818407,71662,235.9506,,,
379,379,0.07995192307692306,0.6028664793794452,71908,235.9008,,,
380,380,0.28711538461538455,0.6024690426412826,72164,238.4752,0.7,0.0,1.0
381,381,0.10918269230769229,0.5924731561670997,72395,236.8777,,,
382,382,0.20725961538461538,0.564854197565196,72630,236.5908,,,
383,383,0.11399038461538462,0.6003978129713424,72888,239.2789,,,
384,384,0.17610576923076926,0.5683125063016737,73129,236.6655,,,
385,385,0.19144230769230766,0.5336274457824444,73375,233.9067,,,
386,386,0.3055769230769231,0.5708921933896413,73621,236.5738,,,
387,387,0.29769230769230764,0.5991052008310768,73881,239.5751,,,
388,388,0.17322115384615383,0.5990249686140341,74129,237.1868,,,
389,389,0.22980769230769232,0.5841819295329732,74377,235.8626,,,
390,390,0.23528846153846156,0.6192240905298817,74617,235.5319,0.7,0.0,1.0
391,391,0.19721153846153844,0.5910589368373345,74868,238.7861,,,
392,392,0.14394230769230765,0.6099806504156926,75123,239.9388,,,
393,393,0.10293269230769231,0.6230606031513289,75373,239.0271,,,
394,394,0.19961538461538464,0.6579374998495202,75623,236.2485,,,
395,395,0.1537980769230769,0.5893592818620456,75865,235.4879,,,
396,396,0.1346153846153846,0.5979586474959193,76115,236.1416,,,
397,397,0.26625,0.5789345063538612,76363,237.732,,,
398,398,0.110625,0.6561589162692104,76608,235.4173,,,
399,399,-0.09894230769230766,0.6165150158684642,76875,238.3183,,,
400,400,0.3027403846153846,0.547412413726752,77146,237.8131,0.45,0.0,1.0
401,401,0.21326923076923077,0.6408989819008304,77405,240.3842,,,
402,402,0.2530769230769231,0.6079613358577833,77659,238.979,,,
403,403,0.14033653846153846,0.6153080336695301,77920,238.3118,,,
404,404,0.21134615384615385,0.560325759446668,78189,240.0212,,,
405,405,0.2753846153846154,0.5979816718965201,78442,236.8832,,,
406,406,0.21211538461538457,0.5710402629520277,78688,236.8219,,,
407,407,0.23365384615384616,0.5799004426854816,78933,236.4091,,,
408,408,-0.0011057692307692296,0.5981341822259836,79190,240.4561,,,
409,409,0.23461538461538461,0.5704819693319988,79465,238.9261,,,
410,410,0.11519230769230766,0.5816857481942871,79723,239.7215,0.55,0.0,0.95
411,411,0.21110576923076924,0.604514977359805,79992,238.7872,,,
412,412,0.09673076923076922,0.6027459988914785,80242,235.9579,,,
413,413,0.3648076923076923,0.6104560616464673,80507,238.3646,,,
414,414,0.17225961538461537,0.6063635457284651,80765,239.5689,,,
415,415,0.23173076923076924,0.6175823359646889,81027,238.4371,,,
416,416,0.17057692307692307,0.6032148890308283,81297,237.9569,,,
417,417,0.12024038461538461,0.6044450009571913,81574,238.3849,,,
418,418,0.07153846153846152,0.5952302631578947,81842,239.2029,,,
419,419,0.18759615384615383,0.5697783569990433,82136,240.2444,,,
420,420,0.3326923076923077,0.609110617848648,82409,237.4029,0.45,0.0,1.0
421,421,0.18735576923076921,0.6580402466332008,82676,238.1065,,,
422,422,0.08163461538461536,0.5900624167418743,82938,239.1516,,,
423,423,0.09625000000000003,0.5963362874475303,83214,238.3341,,,
424,424,0.1593269230769231,0.5786283298207641,83477,237.5046,,,
425,425,0.21423076923076922,0.5913090365188091,83734,237.7554,,,
426,426,0.2326923076923077,0.6267161567112902,84023,240.7909,,,
427,427,0.20682692307692307,0.5419887605934117,84287,237.9567,,,
428,428,0.14519230769230768,0.5854857739552948,84556,237.9164,,,
429,429,0.11759615384615382,0.5529938080029992,84828,237.9342,,,
430,430,0.23725961538461537,0.5400895774976657,85091,239.3424,0.75,0.0,1.0
431,431,0.1629326923076923,0.6328321953781513,85356,237.1706,,,
432,432,0.251875,0.5796646695934922,85631,238.3879,,,
433,433,0.25475961538461533,0.6246484053054262,85906,238.5586,,,
434,434,0.1832692307692308,0.5891619673284759,86189,238.5684,,,
435,435,0.032211538461538444,0.5723847767045707,86466,237.4858,,,
436,436,0.26389423076923074,0.6047542076473599,86752,239.6223,,,
437,437,-0.04927884615384615,0.5907290364527207,87027,239.7729,,,
438,438,0.26432692307692307,0.5588661406261026,87308,240.3039,,,
439,439,0.21447115384615384,0.6273783664569393,87590,237.5316,,,
440,440,0.22072115384615384,0.5867810424311972,87882,239.3915,0.55,0.0,1.0
441,441,0.23509615384615384,0.6147951522951522,88186,240.9874,,,
442,442,0.28375,0.5977472510510781,88496,241.3299,,,
443,443,0.2072596153846154,0.6341655568869946,88777,238.5347,,,
444,444,0.22072115384615382,0.5975273836935423,89052,239.8819,,,
445,445,0.2681730769230769,0.5545653488668194,89338,240.1417,,,
446,446,0.28975961538461537,0.6054562641974007,89628,241.2548,,,
447,447,0.03701923076923079,0.616817932936354,89923,239.2475,,,
448,448,0.21807692307692306,0.5819987972670457,90216,241.1996,,,
449,449,0.25596153846153846,0.6022826009498804,90511,239.4921,,,
450,450,0.3348557692307692,0.6373752012034384,90797,239.8379,0.5,0.0,1.0
451,451,0.23389423076923077,0.617190493008024,91101,240.1778,,,
452,452,0.22860576923076922,0.6043443317245987,91405,240.5052,,,
453,453,0.15596153846153848,0.601476908384803,91700,240.0941,,,
454,454,0.2751442307692308,0.5787959311783218,92021,242.712,,,
455,455,0.3943269230769231,0.6057523389760232,92337,243.4846,,,
456,456,0.30990384615384614,0.6459207503254358,92669,243.6015,,,
457,457,0.13870192307692308,0.6405561169148126,92983,239.9315,,,
458,458,0.14947115384615386,0.5816828704665675,93317,243.6452,,,
459,459,0.2586057692307692,0.6591838555501346,93626,240.0456,,,
460,460,0.14514423076923075,0.5827845153212801,93937,239.6178,0.65,0.0,1.0
461,461,0.19264423076923076,0.5705164413184249,94261,242.9587,,,
462,462,0.35283653846153845,0.5887114126007762,94593,243.7715,,,
463,463,0.12841346153846153,0.6288005551831417,94909,240.0703,,,
464,464,0.3055769230769231,0.5655724061974062,95218,239.9019,,,
465,465,0.1998557692307692,0.6132587545848489,95552,242.5941,,,
466,466,0.36240384615384613,0.6211408940741419,95845,239.1202,,,
467,467,0.19360576923076922,0.6495512896659376,96162,242.4933,,,
468,468,0.3089423076923077,0.5977815481416111,96491,243.0273,,,
469,469,0.286875,0.6214401133925888,96817,243.1107,,,
470,470,0.5480288461538461,0.6183344775321669,97155,252.8477,0.55,0.0,1.0
471,471,0.175625,0.6683978659694768,97476,257.3448,,,
472,472,0.13293269230769228,0.5699085634547592,97801,258.1829,,,
473,473,0.1156730769230769,0.5985924927562922,98153,368.8832,,,
474,474,0.13245192307692308,0.5827989674219253,98495,296.7464,,,
475,475,0.1998557692307692,0.5720718349883064,98825,276.551,,,
476,476,0.025048076923076916,0.5929707545236865,99141,257.0291,,,
477,477,0.15139423076923078,0.561447645341515,99490,253.0853,,,
478,478,-0.0814423076923077,0.5676286292150079,99823,251.8948,,,
479,479,0.23245192307692306,0.517093461392201,100165,253.4958,,,
480,480,0.09793269230769233,0.6117096060482324,100489,254.9027,0.45,0.0,1.0
481,481,-0.023173076923076946,0.5391906885038733,100817,251.5854,,,
482,482,0.22548076923076923,0.5539007474219144,101153,258.6958,,,
483,483,0.14225961538461537,0.6081518582529705,101502,266.6238,,,
484,484,0.36,0.653348559097249,101807,253.9825,,,
485,485,0.3403365384615385,0.6446893802868165,102126,260.1114,,,
486,486,0.16052884615384616,0.6627111517483448,102455,256.9243,,,
487,487,0.26721153846153844,0.5838487764237889,102786,258.1196,,,
488,488,0.328125,0.6234819931882152,103115,255.8884,,,
489,489,0.38831730769230766,0.6478320040322795,103458,259.0748,,,
490,490,0.21495192307692307,0.6578972589610887,103785,258.4423,0.5,0.0,1.0
491,491,0.16028846153846155,0.6194846481431847,104115,265.9923,,,
492,492,0.27778846153846154,0.5747056890340244,104464,381.0508,,,
493,493,0.1741826923076923,0.6282161918979593,104804,271.4973,,,
494,494,0.193125,0.5969505811217768,105135,267.3641,,,
495,495,0.19600961538461537,0.603465390296292,105475,263.3022,,,
496,496,0.25331730769230765,0.6168232536917206,105823,265.9118,,,
497,497,0.22048076923076923,0.6224591241954784,106162,264.6218,,,
498,498,0.015673076923076915,0.5830835445487543,106490,263.4017,,,
499,499,0.30677884615384615,0.6583706092852435,106839,264.779,,,
500,500,0.2377403846153846,0.6206443348531966,107190,272.5169,0.7,0.0,1.0
501,501,0.21999999999999997,0.6200700355605202,107560,430.4716,,,
502,502,0.0504326923076923,0.6614006141336513,107881,260.753,,,
503,503,0.2703365384615385,0.5907150673645675,108220,264.6973,,,
504,504,0.25067307692307694,0.6099072996329093,108560,264.5485,,,
505,505,0.2087019230769231,0.647816116694669,108876,264.1811,,,
506,506,0.19216346153846153,0.5910032373924663,109227,265.7135,,,
507,507,0.24995192307692307,0.6068637373360697,109555,264.562,,,
508,508,0.3936057692307692,0.5863035522086029,109903,341.4601,,,
509,509,0.1794711538461539,0.6551836356382796,110259,361.7082,,,
510,510,0.28711538461538455,0.6081998078003314,110607,270.643,0.7,0.0,1.0
511,511,0.2552403846153846,0.6436975126799211,110946,265.0837,,,
512,512,0.1554807692307692,0.5962182693464599,111300,267.5496,,,
513,513,0.4300480769230769,0.630663699319747,111647,265.6825,,,
514,514,0.3295673076923077,0.6112858784850697,112003,266.6973,,,
515,515,0.11735576923076922,0.6295967695609795,112360,265.7496,,,
516,516,0.05475961538461538,0.5950493707209273,112710,264.3453,,,
517,517,0.39240384615384616,0.5791098249609772,113082,454.4573,,,
518,518,0.19985576923076923,0.6981896492795265,113443,257.538,,,
519,519,0.2832692307692308,0.6080545735666065,113815,262.5726,,,
520,520,0.07971153846153846,0.65255619806451,114184,267.3117,0.6,0.0,1.0
521,521,0.1914423076923077,0.5820256966568857,114549,266.4196,,,
522,522,0.2545192307692308,0.6234295173921336,114914,265.0627,,,
523,523,-0.03610576923076925,0.6266951429185472,115283,266.0753,,,
524,524,0.05451923076923074,0.5202569887253079,115654,265.3202,,,
525,525,0.09480769230769229,0.5704162402965899,115999,261.5968,,,
526,526,0.11062500000000001,0.6077132673500648,116384,265.313,,,
527,527,0.2832692307692308,0.5555107482929227,116742,265.3878,,,
528,528,0.23004807692307697,0.6095747939736902,117108,265.1171,,,
529,529,0.14687499999999998,0.5984495772946861,117474,264.0556,,,
530,530,-0.0308173076923077,0.5293698708961884,117844,265.7341,0.75,0.0,1.0
531,531,0.027211538461538454,0.5507824828835468,118194,263.0204,,,
532,532,0.02264423076923073,0.5606802375421713,118568,264.5498,,,
533,533,0.18115384615384617,0.5611954083067392,118939,272.8384,,,
534,534,0.19552884615384614,0.5990960839191644,119316,269.3745,,,
535,535,0.3506730769230769,0.5532131153979569,119723,273.6471,,,
536,536,0.07730769230769227,0.5886733162800903,120081,270.5661,,,
537,537,0.1073076923076923,0.5525292487798792,120462,267.3013,,,
538,538,0.1346153846153846,0.5871665067572978,120817,266.9192,,,
539,539,0.2127884615384615,0.5414030325783149,121182,268.3257,,,
540,540,0.2789903846153846,0.6074918339669285,121541,266.6522,0.5,0.0,1.0
541,541,0.27875,0.6037869456714329,121899,265.9001,,,
542,542,0.10201923076923078,0.5896391313450724,122262,265.9382,,,
543,543,0.31038461538461537,0.5632739425943057,122602,262.3192,,,
544,544,0.09865384615384612,0.6054379282065717,122968,264.5148,,,
545,545,0.1025,0.5541395074234543,123336,264.3568,,,
546,546,0.24995192307692307,0.5625590395732761,123703,265.533,,,
547,547,-0.023413461538461515,0.5927067414721334,124063,264.9282,,,
548,548,0.17033653846153846,0.5715787160274738,124435,266.6864,,,
549,549,0.2139903846153846,0.6042449853886949,124815,268.6667,,,
550,550,0.17826923076923076,0.634064420299932,125161,264.1945,0.4,0.0,1.0
551,551,0.2708173076923077,0.6158435286964088,125513,266.0446,,,
552,552,0.15740384615384612,0.6533033501668286,125891,264.2328,,,
553,553,0.24514423076923075,0.5877839869996635,126262,265.7987,,,
554,554,0.3322115384615385,0.606288750553736,126656,268.5478,,,
555,555,0.251875,0.6211733716180545,126996,264.0881,,,
556,556,0.11038461538461539,0.6025241173244207,127373,267.1629,,,
557,557,0.17802884615384615,0.5744642781354966,127747,266.8579,,,
558,558,0.0933653846153846,0.5457305967814178,128118,267.2343,,,
559,559,0.2492307692307692,0.5833718065681042,128469,264.8107,,,
560,560,0.17394230769230767,0.6203668951411374,128856,270.9765,0.6,0.0,1.0
561,561,0.1770673076923077,0.5869198977197336,129248,266.916,,,
562,562,0.328125,0.557234273988205,129634,265.7769,,,
563,563,0.10754807692307691,0.655443469495081,130030,268.73,,,
564,564,0.255,0.6005133464191852,130394,262.4979,,,
565,565,0.13677884615384614,0.577795341609052,130798,267.8907,,,
566,566,0.10009615384615386,0.5883096394612346,131166,268.1157,,,
567,567,0.16125,0.5899053663339924,131563,267.519,,,
568,568,0.2710576923076923,0.6176612653406791,131946,268.8083,,,
569,569,0.2885576923076923,0.6292206657772695,132316,267.7092,,,
570,570,0.17322115384615383,0.5975254157987306,132688,264.8196,0.55,0.0,1.0
571,571,0.05932692307692306,0.5663607062885231,133094,267.1941,,,
572,572,0.29721153846153847,0.5936588135534858,133459,262.6113,,,
573,573,0.24730769230769228,0.6104737760692824,133857,269.3701,,,
574,574,0.2523557692307692,0.5918644475058036,134260,270.3712,,,
575,575,0.20942307692307688,0.6132425830833901,134636,266.4615,,,
576,576,0.15884615384615383,0.6190346189770509,135007,270.5404,,,
577,577,0.2310096153846154,0.5897098856932748,135411,271.6972,,,
578,578,0.1331730769230769,0.6014582191439534,135808,268.4677,,,
579,579,0.2569230769230769,0.6039039978641073,136213,271.7595,,,
580,580,0.1727403846153846,0.6107646028308469,136596,278.0889,0.85,0.0,1.0
581,581,0.13774038461538457,0.59945266837349,136987,278.4143,,,
582,582,0.19769230769230767,0.6006456210271416,137399,274.6927,,,
583,583,0.1964903846153846,0.6013986483300026,137770,267.4428,,,
584,584,0.32860576923076923,0.57587955515818,138142,267.7588,,,
585,585,0.1727403846153846,0.5974804701986884,138535,272.4171,,,
586,586,0.1979326923076923,0.5655397424037573,138906,268.0418,,,
587,587,0.2060576923076923,0.5960801375535733,139287,268.647,,,
588,588,0.23100961538461537,0.626253775769575,139660,266.4255,,,
589,589,0.18927884615384616,0.6128556258321441,140027,267.1468,,,
590,590,0.193125,0.5563500230411917,140402,267.5541,0.45,0.0,1.0
591,591,0.2722596153846154,0.5899129681297515,140788,268.8247,,,
592,592,0.13389423076923074,0.6218082272916441,141176,269.161,,,
593,593,0.2873557692307693,0.6084486591839533,141570,269.6078,,,
594,594,-0.002788461538461545,0.6317676864617771,141954,265.4501,,,
595,595,0.07370192307692308,0.562361995220227,142320,266.0935,,,
596,596,0.33197115384615383,0.5732620726959633,142706,269.8062,,,
597,597,0.09624999999999999,0.6390827461412744,143085,267.8348,,,
598,598,0.2089423076923077,0.5716660426346736,143485,268.4554,,,
599,599,0.19625,0.6273314499470457,143874,268.0016,,,
600,600,0.25764423076923076,0.615458591735224,144276,297.7657,0.65,0.0,1.0
601,601,0.13221153846153844,0.5763277540933708,144634,277.3109,,,
602,602,0.1804326923076923,0.5830937952957681,145037,279.4869,,,
603,603,0.2562019230769231,0.6448562814073168,145415,273.4407,,,
604,604,0.17538461538461536,0.6046774711897142,145848,282.5857,,,
605,605,0.19456730769230768,0.6321093101395612,146252,273.6776,,,
606,606,0.23557692307692304,0.6030314968919466,146645,274.6649,,,
607,607,0.15259615384615385,0.6160183705991723,147052,269.5911,,,
608,608,0.24610576923076927,0.5549365514394209,147470,272.9723,,,
609,609,0.21783653846153844,0.6109117225137344,147878,270.4889,,,
610,610,0.3295673076923077,0.5792354822845893,148285,271.6566,0.8,0.0,1.0
611,611,0.16408653846153845,0.6752327456666762,148683,271.2321,,,
612,612,0.15548076923076923,0.6281864227904601,149119,278.8845,,,
613,613,0.2717788461538462,0.5993415238212685,149538,277.3144,,,
614,614,0.2151923076923077,0.5969437139155156,149913,274.2297,,,
615,615,0.3298076923076923,0.5991406832965575,150346,283.7507,,,
616,616,0.16028846153846155,0.6262561925659442,150751,276.5373,,,
617,617,0.039903846153846144,0.5757445977232382,151183,280.6034,,,
618,618,0.2676923076923077,0.5925000757646707,151612,278.3523,,,
619,619,0.3077403846153846,0.6351850247701051,152038,274.0789,,,
620,620,0.26528846153846153,0.6336748317263099,152452,272.9171,0.65,0.0,1.0
621,621,0.05884615384615386,0.6549587912087912,152837,269.457,,,
622,622,0.11134615384615382,0.6148986452518318,153230,279.0954,,,
623,623,0.02312499999999998,0.5625095689921934,153641,276.6941,,,
624,624,0.2564423076923077,0.5788702287415102,154040,275.896,,,
625,625,0.17322115384615383,0.6168466333010696,154417,276.7918,,,
626,626,0.11591346153846155,0.591720142386041,154801,289.7629,,,
627,627,0.2346153846153846,0.5663382979343559,155191,287.3744,,,
628,628,0.1960096153846154,0.5622685738174868,155573,310.64,,,
629,629,0.014711538461538446,0.6142866267186919,155949,289.4179,,,
630,630,0.1233653846153846,0.5891045896730306,156334,289.4017,0.4,0.0,1.0
631,631,0.16341346153846154,0.5641695880345888,156723,291.5076,,,
632,632,0.216875,0.5982452292423732,157119,290.8985,,,
633,633,0.0744230769230769,0.6129958576116721,157505,285.7248,,,
634,634,0.1871153846153846,0.537294520958822,157897,284.6805,,,
635,635,0.17009615384615384,0.5738469112696504,158292,288.7309,,,
636,636,0.05307692307692309,0.5874205814401232,158639,275.8958,,,
637,637,0.005144230769230776,0.5664787258198609,159010,272.3991,,,
638,638,0.21302884615384612,0.5519039605267605,159372,277.687,,,
639,639,0.20966346153846152,0.6353040250494484,159754,274.1252,,,
640,640,0.24658653846153844,0.6105826726352763,160124,291.3279,0.6,0.0,1.0
641,641,0.013749999999999998,0.5771640547268031,160503,277.6733,,,
642,642,0.075625,0.5531631751981785,160857,304.8514,,,
643,643,0.05427884615384618,0.5411009196398479,161228,299.2302,,,
644,644,0.19721153846153844,0.5840550045364636,161600,300.8911,,,
645,645,0.21254807692307695,0.5973233748198058,161991,301.6157,,,
646,646,0.25259615384615386,0.5784764719949034,162352,298.5534,,,
647,647,0.11711538461538462,0.625257571939372,162745,304.3202,,,
648,648,0.21375,0.5878788938743347,163127,300.5083,,,
649,649,0.23100961538461537,0.6104434171414976,163515,302.563,,,
650,650,0.06173076923076924,0.5817233757587019,163900,302.428,0.6,0.0,1.0
651,651,0.21663461538461537,0.600195376100546,164258,299.4754,,,
652,652,0.28038461538461534,0.6225161913744308,164638,299.2803,,,
653,653,0.17586538461538465,0.5947923636904311,165025,297.1956,,,
654,654,0.21182692307692308,0.590820521638093,165397,273.3365,,,
655,655,0.011586538461538464,0.5916394213339541,165769,273.7266,,,
656,656,0.33389423076923075,0.544823416625433,166139,274.9685,,,
657,657,0.21182692307692308,0.59912107743356,166516,274.2659,,,
658,658,0.23509615384615384,0.6061293295747558,166905,280.8906,,,
659,659,0.15355769230769228,0.5512367814971973,167309,283.1035,,,
660,660,0.25711538461538463,0.6021935653632082,167699,281.182,0.6,0.0,1.0
661,661,0.19288461538461538,0.6095950241110046,168087,280.1136,,,
662,662,0.03749999999999999,0.5695293537133197,168482,283.2282,,,
663,663,0.2712980769230769,0.5813518718254549,168869,284.2801,,,
664,664,0.3072596153846154,0.5861547820846833,169268,276.4059,,,
665,665,0.1804326923076923,0.5697005367267236,169627,288.9376,,,
666,666,0.25067307692307694,0.5880964790114446,170032,283.5388,,,
667,667,0.28206730769230764,0.6005805456371612,170418,277.324,,,
668,668,0.2727403846153846,0.5915550451321728,170817,275.7521,,,
669,669,0.13125,0.600335745163849,171222,273.7667,,,
670,670,0.2885576923076923,0.5722793355761031,171633,300.0525,0.5,0.0,1.0
671,671,0.12841346153846153,0.5931642349486239,172025,282.4838,,,
672,672,0.20605769230769228,0.5599086547941362,172412,275.0966,,,
673,673,0.23341346153846151,0.5808077974012571,172794,272.6354,,,
674,674,0.19408653846153845,0.6224261494683553,173192,271.7119,,,
675,675,0.31927884615384616,0.5844501080493332,173560,269.2678,,,
676,676,0.11519230769230768,0.6252029796770904,173935,269.1901,,,
677,677,0.17875000000000002,0.5790565005646527,174318,277.2526,,,
678,678,0.2712980769230769,0.5911186027066968,174689,274.3089,,,
679,679,0.13798076923076924,0.598112839585772,175058,279.0373,,,
680,680,0.13774038461538457,0.572024739765836,175424,298.0985,0.65,0.0,1.0
681,681,0.14375000000000002,0.5863257030386997,175800,274.9462,,,
682,682,0.21687499999999998,0.5499682442902906,176171,258.5877,,,
683,683,0.27466346153846155,0.6195499746222797,176567,251.3767,,,
684,684,0.1998557692307692,0.6048015901187045,176926,247.3821,,,
685,685,0.25331730769230765,0.6249361967264868,177324,249.6999,,,
686,686,0.2269230769230769,0.5887780338130154,177705,247.9873,,,
687,687,0.38014423076923076,0.5859097341966425,178087,249.383,,,
688,688,0.22620192307692305,0.5957783074723946,178457,248.6864,,,
689,689,0.07826923076923079,0.5696348763647855,178837,246.4425,,,
690,690,0.14923076923076922,0.5857181811009428,179241,248.904,0.55,0.0,1.0
691,691,0.14995192307692307,0.6123071594069571,179613,247.3304,,,
692,692,0.21927884615384613,0.5702180430709232,180009,248.7191,,,
693,693,0.20918269230769232,0.5510411807416895,180406,250.5857,,,
694,694,0.24778846153846154,0.6415075291122738,180812,250.6523,,,
695,695,0.0945673076923077,0.6213668341692906,181173,246.8501,,,
696,696,0.2600480769230769,0.5343844177182777,181569,251.0126,,,
697,697,0.18302884615384613,0.556013127378973,181937,247.1597,,,
698,698,0.40894230769230766,0.5421895405054633,182301,246.2907,,,
699,699,0.10129807692307692,0.6196617514459117,182661,245.4329,,,
700,700,0.11038461538461536,0.533123506909601,183040,247.1058,0.7,0.0,0.95
701,701,0.2890384615384615,0.5813189370494916,183417,247.3721,,,
702,702,0.4585576923076923,0.5984660342852234,183773,247.6988,,,
703,703,0.1727403846153846,0.6361828976843882,184161,250.2428,,,
704,704,0.2353365384615384,0.6011789327798219,184514,246.402,,,
705,705,0.27610576923076924,0.5818093830288953,184874,246.9383,,,
706,706,0.05740384615384614,0.5986571190608175,185226,245.4831,,,
707,707,0.39096153846153847,0.5578086054689979,185578,243.9971,,,
708,708,0.21903846153846152,0.5850436338099413,185956,250.0859,,,
709,709,0.05403846153846155,0.6360728945288681,186325,247.7852,,,
710,710,0.2785096153846154,0.5731605451959376,186689,247.0856,0.5,0.0,1.0
711,711,0.29312499999999997,0.6219618194833673,187047,246.9349,,,
712,712,0.2552403846153847,0.598495158243461,187420,246.7591,,,
713,713,0.28927884615384614,0.6282583864880219,187793,246.9233,,,
714,714,0.1077403846153846,0.6036818015594825,188161,246.1783,,,
715,715,-0.012836538461538458,0.5689436181539813,188525,249.0644,,,
716,716,0.15235576923076924,0.525685451414227,188898,247.1077,,,
717,717,0.11038461538461541,0.5906497621798972,189275,247.0296,,,
718,718,0.3178365384615385,0.5743193767113832,189643,245.88,,,
719,719,0.28855769230769235,0.6115267921024334,190027,249.9773,,,
720,720,0.13894230769230773,0.5972950137501809,190410,246.8974,0.6,0.0,1.0
721,721,0.3094230769230769,0.5666159453910747,190768,246.4149,,,
722,722,0.2751442307692308,0.6082019672207845,191159,248.3436,,,
723,723,0.22596153846153844,0.6220921638006262,191533,247.2842,,,
724,724,0.12384615384615384,0.6366153419694631,191932,248.9536,,,
725,725,0.11903846153846154,0.6008565580095402,192294,247.0507,,,
726,726,0.023125,0.5821670317941805,192693,249.2195,,,
727,727,0.12024038461538457,0.5567494658119658,193051,246.9315,,,
728,728,0.2166346153846154,0.5976667548162853,193427,247.4088,,,
729,729,0.04639423076923076,0.5615524172197265,193815,248.2801,,,
730,730,0.15740384615384612,0.5815503332520027,194189,247.5562,0.6,0.0,1.0
731,731,-0.00350961538461538,0.563203578276056,194577,247.6794,,,
732,732,0.46961538461538466,0.5510979744966134,194973,249.5038,,,
733,733,0.15668269230769233,0.6113952285459638,195362,249.2414,,,
734,734,0.13389423076923077,0.5817240018147152,195771,250.2901,,,
735,735,0.23052884615384614,0.5992416806576173,196147,247.1648,,,
736,736,0.210625,0.5927099877516482,196537,250.291,,,
737,737,0.23173076923076924,0.5719594242978426,196907,247.2989,,,
738,738,0.21206730769230772,0.5874605570964176,197297,248.0426,,,
739,739,0.06317307692307692,0.5892981332849345,197690,248.6889,,,
740,740,0.24423076923076925,0.5741369963739892,198082,251.191,0.65,0.0,1.0
741,741,0.17802884615384615,0.6028303404695212,198482,249.0236,,,
742,742,0.07610576923076925,0.5947540513696579,198849,246.4603,,,
743,743,0.0583653846153846,0.5971188126437645,199217,247.4495,,,
744,744,0.004182692307692297,0.5941692520667463,199607,247.2597,,,
745,745,0.2916826923076923,0.5262487415011502,200013,248.7887,,,
746,746,0.2907211538461538,0.6035592359769287,200420,248.5823,,,
747,747,0.1794711538461538,0.5867626576573145,200810,249.2444,,,
748,748,0.038461538461538464,0.58351014505872,201210,248.6389,,,
749,749,0.17682692307692308,0.5965289555042371,201613,249.4973,,,
750,750,0.11254807692307692,0.5853485655268397,201986,247.0905,0.6,0.0,1.0
751,751,0.3156730769230769,0.572500311006503,202381,249.5523,,,
752,752,0.26413461538461536,0.6240760213659932,202784,249.2209,,,
753,753,0.19,0.5930514244481859,203173,249.642,,,
754,754,0.1439903846153846,0.5906686838598608,203563,248.8576,,,
755,755,0.061730769230769256,0.6210628618417606,203956,249.6897,,,
756,756,0.1933653846153846,0.5354946918637946,204338,249.4753,,,
757,757,-0.001826923076923101,0.6052863036240137,204717,246.7245,,,
758,758,0.134375,0.5583054708916686,205126,249.8751,,,
759,759,0.19937499999999997,0.5813583386465873,205510,250.0895,,,
760,760,0.13629807692307694,0.6052931366618461,205912,249.7066,0.5,0.0,1.0
761,761,0.13485576923076922,0.5680188084655056,206303,250.062,,,
762,762,0.140625,0.5557986513542806,206690,249.173,,,
763,763,-0.033221153846153866,0.6100997278934857,207088,248.3608,,,
764,764,0.05524038461538458,0.5728039051742186,207473,245.6936,,,
765,765,0.03750000000000001,0.561673334545675,207844,248.5706,,,
766,766,0.33221153846153845,0.5718010636717614,208249,249.0286,,,
767,767,0.16985576923076925,0.5744493188689617,208631,248.6171,,,
768,768,0.07658653846153843,0.5806747579518039,209024,249.871,,,
769,769,0.13966346153846154,0.573191544980997,209426,249.3057,,,
770,770,0.15812500000000002,0.5487556658304137,209817,249.2881,0.45,0.0,1.0
771,771,-0.04475961538461537,0.5635438522731703,210199,247.0548,,,
772,772,0.17826923076923074,0.5591690650619222,210587,246.4879,,,
773,773,0.11302884615384615,0.5324799474996433,210999,249.0178,,,
774,774,0.07586538461538461,0.5878213649604851,211377,245.9124,,,
775,775,0.10341346153846154,0.5808494087760582,211757,246.55,,,
776,776,-0.10086538461538459,0.5851340431806611,212137,246.2251,,,
777,777,0.21687499999999998,0.5203489503508913,212514,247.0603,,,
778,778,0.023846153846153857,0.6090661257975,212888,246.7597,,,
779,779,0.006346153846153835,0.5366541389282986,213250,246.2948,,,
780,780,-0.017163461538461544,0.5215495705616994,213625,248.2897,0.65,0.0,1.0
781,781,0.1950480769230769,0.5515285593345368,214020,249.4488,,,
782,782,0.25403846153846155,0.5269063011865958,214408,249.4421,,,
783,783,0.10706730769230767,0.5792524396122085,214811,249.495,,,
784,784,0.11471153846153845,0.5866037932103733,215206,249.3137,,,
785,785,0.30870192307692307,0.5542381377564076,215599,248.406,,,
786,786,0.25427884615384616,0.5846295596325706,215961,248.4953,,,
787,787,0.14995192307692312,0.5847003791297269,216341,246.3951,,,
788,788,0.3329326923076923,0.5541815392164771,216739,249.6228,,,
789,789,0.14110576923076923,0.6126167881682587,217109,246.1326,,,
790,790,0.24923076923076923,0.5979853003584173,217490,246.518,0.5,0.0,1.0
791,791,0.3509134615384615,0.5602991829090173,217876,248.0844,,,
792,792,0.1789903846153846,0.5642140897156979,218267,250.0106,,,
793,793,0.1108653846153846,0.6051699266419281,218646,247.978,,,
794,794,0.2976923076923077,0.5420411468002779,219024,246.9159,,,
795,795,0.2329326923076923,0.6042651657080566,219386,247.8159,,,
796,796,0.19625,0.586326642751361,219784,248.9645,,,
797,797,0.0801923076923077,0.5915933172558058,220166,248.6624,,,
798,798,0.13894230769230767,0.594728945232117,220549,246.6255,,,
799,799,0.23004807692307694,0.559352680646859,220934,249.2183,,,
800,800,0.2139903846153846,0.6443395290932911,221319,246.7106,0.35,0.0,1.0
